lookback,sl_mult,tp_mult,atr_thresh,pnl,sharpe,max_drawdown,win_rate
50,0.5,0.5,1.0,-2353.8093390000004,-181.68715889634962,-2351.9172300000027,1.6088060965283657
50,0.5,0.5,2.0,-905.2025465,-210.42816405863445,-902.6873315000012,2.643171806167401
50,0.5,0.5,3.0,-293.9832715,-239.43256874040569,-291.4680565000017,4.054054054054054
50,0.5,0.5,5.0,-61.776072000000006,-229.49703867515635,-59.74807900000087,0.0
50,0.5,1.0,1.0,-2199.6064210000004,-168.3828886108679,-2199.9481915000033,3.571428571428571
50,0.5,1.0,2.0,-849.1219820000001,-169.55431876382485,-849.0506569999998,5.963302752293578
50,0.5,1.0,3.0,-275.3042174999998,-144.12453983996664,-275.23289250000016,6.338028169014084
50,0.5,1.0,5.0,-48.31200250000005,-83.4411933453544,-46.28400949999923,8.0
50,0.5,1.5,1.0,-2140.9809240000004,-165.8237080369082,-2143.4525880000037,4.520295202952029
50,0.5,1.5,2.0,-841.3409605000002,-163.49450072963938,-843.3995290000021,5.620608899297424
50,0.5,1.5,3.0,-279.58358599999997,-140.68947656962183,-281.6421545000012,5.797101449275362
50,0.5,1.5,5.0,-52.45220950000003,-88.88013293987402,-47.66407849999814,8.0
50,0.5,2.0,1.0,-2135.334119,-163.39879348833065,-2133.2319995000034,4.51552210724365
50,0.5,2.0,2.0,-849.6096940000002,-157.09430986332964,-847.0944789999994,5.238095238095238
50,0.5,2.0,3.0,-302.3602214999999,-138.42260272286785,-299.8450064999997,4.444444444444445
50,0.5,2.0,5.0,-77.70347200000006,-120.28043808367138,-72.9153409999999,4.0
50,1.0,0.5,1.0,-1898.5591004999992,-131.25208755790726,-1898.709762999999,5.857294994675186
50,1.0,0.5,2.0,-741.7862904999995,-107.33445278401196,-741.3138470000013,11.048158640226628
50,1.0,0.5,3.0,-256.4786740000001,-96.65068801725073,-253.96345900000233,17.24137931034483
50,1.0,0.5,5.0,-29.180676000000112,-50.95125895326334,-35.63821050000115,36.36363636363637
50,1.0,1.0,1.0,-1630.5957569999991,-115.160288338426,-1638.9920920000004,12.75820170109356
50,1.0,1.0,2.0,-650.5743744999996,-89.30728215148581,-658.5576140000012,22.78481012658228
50,1.0,1.0,3.0,-213.51451200000002,-70.3136162135416,-218.063029500001,27.722772277227726
50,1.0,1.0,5.0,-42.72846550000002,-59.181452246512094,-47.2043545000015,28.57142857142857
50,1.0,1.5,1.0,-1472.4618744999993,-105.69567536176636,-1486.0409579999978,17.060367454068242
50,1.0,1.5,2.0,-587.8835029999998,-78.16955627353136,-601.0494910000016,24.489795918367346
50,1.0,1.5,3.0,-188.42912300000026,-57.120897912143406,-197.51596749999953,27.659574468085108
50,1.0,1.5,5.0,-24.106360999999993,-41.11063209351233,-33.576867499999935,42.10526315789473
50,1.0,2.0,1.0,-1447.493007999999,-101.05364403590596,-1453.0789030000014,17.076502732240435
50,1.0,2.0,2.0,-572.6699244999996,-71.65190481308537,-578.8007305000028,21.660649819494584
50,1.0,2.0,3.0,-222.98761950000016,-66.44657511633203,-224.08127550000063,20.652173913043477
50,1.0,2.0,5.0,-40.75105300000001,-63.90012227650985,-54.36624149999989,27.77777777777778
50,1.5,0.5,1.0,-1687.8917094999988,-113.28912560805949,-1698.4633839999988,8.432304038004752
50,1.5,0.5,2.0,-673.7207384999995,-89.32672223079129,-683.6693070000001,15.479876160990713
50,1.5,0.5,3.0,-218.90963299999993,-73.84244040373291,-239.08834249999927,23.58490566037736
50,1.5,0.5,5.0,-19.350270500000043,-38.16992925223064,-41.99852850000025,45.0
50,1.5,1.0,1.0,-1481.5456249999997,-94.74953292672204,-1494.2933704999996,18.068965517241377
50,1.5,1.0,2.0,-648.0898004999996,-73.78866577829722,-660.4244504999988,32.97872340425532
50,1.5,1.0,3.0,-244.0125194999999,-70.09617385876103,-265.7018080000016,35.1063829787234
50,1.5,1.0,5.0,-42.22877650000005,-55.04594937948887,-61.961396999999124,36.84210526315789
50,1.5,1.5,1.0,-1267.172586999999,-84.87136087139905,-1284.1530334999989,25.226586102719033
50,1.5,1.5,2.0,-513.3996954999997,-58.2652601809011,-529.9670465000017,37.69230769230769
50,1.5,1.5,3.0,-173.85441049999997,-48.383375627130214,-201.67028550000032,38.372093023255815
50,1.5,1.5,5.0,1.17927600000003,-3.299275944523078,-32.97661799999696,62.5
50,1.5,2.0,1.0,-1203.4906544999994,-81.66319868977297,-1232.4895885000005,25.0
50,1.5,2.0,2.0,-455.9242539999999,-52.61483928483687,-485.6519789999984,33.33333333333333
50,1.5,2.0,3.0,-192.16861449999993,-56.136508852619215,-229.4646700000012,28.04878048780488
50,1.5,2.0,5.0,6.446355000000031,-20.225352726099416,-46.98565299999973,50.0
50,2.0,0.5,1.0,-1632.3239604999985,-103.78847579397261,-1642.8956349999971,9.987515605493133
50,2.0,0.5,2.0,-674.350643999999,-77.06181695752691,-684.2992124999982,18.12297734627832
50,2.0,0.5,3.0,-214.34964449999987,-60.97046673726902,-241.1981670000023,26.21359223300971
50,2.0,0.5,5.0,-31.840894999999996,-44.602168325733146,-54.48915299999862,45.0
50,2.0,1.0,1.0,-1399.1250719999996,-87.57951237041748,-1411.8728174999997,20.765832106038292
50,2.0,1.0,2.0,-620.4711299999991,-67.89636359187249,-632.8057799999988,36.940298507462686
50,2.0,1.0,3.0,-228.15194699999984,-62.224033911772835,-253.9015130000007,39.56043956043956
50,2.0,1.0,5.0,-46.15897300000011,-57.23307005274322,-65.89159350000045,36.84210526315789
50,2.0,1.5,1.0,-1166.7328549999993,-75.42204887941608,-1183.7133015,28.84927066450567
50,2.0,1.5,2.0,-462.89117449999947,-50.96726782005165,-479.45852549999836,43.20987654320987
50,2.0,1.5,3.0,-154.4796165,-41.29019911444817,-194.12473850000242,42.68292682926829
50,2.0,1.5,5.0,-2.750920500000035,-6.501317599362457,-36.90681449999829,62.5
50,2.0,2.0,1.0,-1116.6101509999994,-73.90539692064137,-1145.609085,29.116117850953206
50,2.0,2.0,2.0,-416.6401374999998,-49.112191164608475,-445.22597600000154,38.63636363636363
50,2.0,2.0,3.0,-176.37396649999974,-48.84706220342996,-223.15733199999886,33.33333333333333
50,2.0,2.0,5.0,-4.884211499999958,-29.49615693467725,-58.31621950000044,50.0
60,0.5,0.5,1.0,-2156.7961245000006,-180.26949086089658,-2154.904015500004,1.6589861751152075
60,0.5,0.5,2.0,-806.9456770000004,-207.47158450458943,-804.9342919999981,2.7027027027027026
60,0.5,0.5,3.0,-267.897604,-241.61425796648427,-265.8887560000003,4.444444444444445
60,0.5,0.5,5.0,-59.75023200000001,-223.65474921541295,-57.72223899999881,0.0
60,0.5,1.0,1.0,-2007.4969625000003,-166.05725948121412,-2007.8387330000005,3.5887487875848687
60,0.5,1.0,2.0,-749.7069530000001,-164.98147663051975,-750.1394579999978,5.86734693877551
60,0.5,1.0,3.0,-242.2388989999999,-137.2898262793369,-242.67394099999728,6.976744186046512
60,0.5,1.0,5.0,-46.286162500000046,-80.2317370497304,-44.258169500000804,8.333333333333332
60,0.5,1.5,1.0,-1955.0830430000005,-163.5222834709038,-1957.554707000003,4.513540621865597
60,0.5,1.5,2.0,-748.9574680000003,-159.84114207695902,-751.5198664999989,5.454545454545454
60,0.5,1.5,3.0,-246.51826749999998,-133.79545166939715,-249.67323250000118,6.4
60,0.5,1.5,5.0,-50.426369500000035,-85.93629488525978,-45.638238499999716,8.333333333333332
60,0.5,2.0,1.0,-1948.5000655000003,-161.06668720383607,-1946.397946000001,4.610655737704918
60,0.5,2.0,2.0,-762.5604975000003,-154.75939270273872,-760.5491124999971,5.013192612137203
60,0.5,2.0,3.0,-269.2949029999999,-132.22601612336024,-267.87608450000334,4.918032786885246
60,0.5,2.0,5.0,-75.67763200000007,-118.62589631236918,-70.88950099999784,4.166666666666666
60,1.0,0.5,1.0,-1750.4796699999993,-128.82373191977652,-1750.6303324999972,6.2717770034843205
60,1.0,0.5,2.0,-671.0101439999996,-104.34417951717563,-671.0415304999988,12.063492063492063
60,1.0,0.5,3.0,-251.95966650000017,-95.71765804726425,-249.9508184999977,17.75700934579439
60,1.0,0.5,5.0,-40.39041450000013,-63.108313006709764,-46.84794899999906,31.818181818181817
60,1.0,1.0,1.0,-1485.1301549999994,-111.75663033579909,-1493.5264900000002,13.060686015831136
60,1.0,1.0,2.0,-573.8135684999996,-85.17531055930452,-582.300637999997,23.32155477031802
60,1.0,1.0,3.0,-191.03253549999994,-64.92784532078815,-196.08741999999984,29.03225806451613
60,1.0,1.0,5.0,-45.718615000000035,-60.69638981504913,-50.19450399999914,28.57142857142857
60,1.0,1.5,1.0,-1325.8853159999994,-102.07719844683878,-1339.4643995000006,17.59656652360515
60,1.0,1.5,2.0,-511.7305259999999,-73.74598721808442,-525.6089424999991,25.37878787878788
60,1.0,1.5,3.0,-161.02680750000022,-51.16493225422175,-171.3002564999988,29.069767441860467
60,1.0,1.5,5.0,-27.0965105,-43.41238171003534,-36.567017000001215,42.10526315789473
60,1.0,2.0,1.0,-1309.4533854999993,-97.88675871537998,-1315.039280500001,17.436661698956783
60,1.0,2.0,2.0,-495.7536944999999,-67.20256701405127,-504.39971549999973,22.48995983935743
60,1.0,2.0,3.0,-195.1653250000002,-61.137422607156395,-197.44558549999783,21.428571428571427
60,1.0,2.0,5.0,-43.74120250000003,-65.80796242092829,-57.35639100000117,27.77777777777778
60,1.5,0.5,1.0,-1554.0516199999988,-111.90119191935861,-1564.6232944999974,8.949416342412452
60,1.5,0.5,2.0,-612.2972814999994,-88.0498871069193,-619.2495049999998,16.896551724137932
60,1.5,0.5,3.0,-220.3681504999999,-75.71065651191252,-241.78114399999686,24.489795918367346
60,1.5,0.5,5.0,-30.56000900000005,-51.54102082107303,-53.2082670000018,40.0
60,1.5,1.0,1.0,-1339.1154289999995,-91.45510374483528,-1351.8631744999984,18.4407796101949
60,1.5,1.0,2.0,-575.3126904999995,-71.34757121008795,-584.6509955000001,33.85826771653544
60,1.5,1.0,3.0,-225.13818649999982,-66.50029161186946,-247.86275750000277,36.7816091954023
60,1.5,1.0,5.0,-47.718801000000056,-59.322123635090804,-67.45142150000174,36.84210526315789
60,1.5,1.5,1.0,-1155.9398964999991,-82.17755282393216,-1172.920342999998,25.73770491803279
60,1.5,1.5,2.0,-451.8744994999996,-55.32275895552047,-467.4648495000001,38.72340425531915
60,1.5,1.5,3.0,-150.05973850000004,-43.67283071670312,-180.39082849999977,40.50632911392405
60,1.5,1.5,5.0,-4.310748499999978,-11.087170469061075,-38.46664249999958,62.5
60,1.5,2.0,1.0,-1105.1156049999995,-79.30434100191191,-1134.1145389999983,25.39404553415061
60,1.5,2.0,2.0,-406.5655275000001,-50.14181721274155,-438.80846750000273,33.7962962962963
60,1.5,2.0,3.0,-167.9539635,-51.84615974874785,-207.59536699999808,29.333333333333332
60,1.5,2.0,5.0,0.9563305000000129,-26.788330594573765,-52.47567749999871,50.0
60,2.0,0.5,1.0,-1500.6076969999986,-103.3034932394633,-1511.1793714999985,10.612244897959183
60,2.0,0.5,2.0,-604.497541499999,-75.85265388110945,-608.2096029999993,19.92753623188406
60,2.0,0.5,3.0,-211.89835749999986,-62.88633746625464,-241.26209500000186,27.368421052631582
60,2.0,0.5,5.0,-39.140829000000004,-52.8416229833281,-61.78908700000102,40.0
60,2.0,1.0,1.0,-1267.2026724999992,-84.39675195822113,-1279.9504180000004,21.405750798722046
60,2.0,1.0,2.0,-542.874090999999,-65.27144742743292,-548.9722339999971,38.333333333333336
60,2.0,1.0,3.0,-207.56769949999983,-58.74130020646831,-235.8324805000011,41.66666666666667
60,2.0,1.0,5.0,-47.73919300000013,-58.74365548136165,-67.47181350000028,36.84210526315789
60,2.0,1.5,1.0,-1056.2023004999994,-72.70379998506853,-1073.182746999999,29.577464788732392
60,2.0,1.5,2.0,-398.23679299999947,-48.22494985809216,-410.5869810000004,44.4954128440367
60,2.0,1.5,3.0,-134.61531200000002,-37.93746534656049,-176.77564899999925,45.33333333333333
60,2.0,1.5,5.0,-4.331140500000046,-8.745959981998302,-38.48703449999812,62.5
60,2.0,2.0,1.0,-1044.4401879999996,-72.87001167552062,-1073.4391219999998,29.45590994371482
60,2.0,2.0,2.0,-383.0652504999999,-48.73012441188735,-410.71408999999767,38.80597014925373
60,2.0,2.0,3.0,-156.08968299999987,-46.0443028309055,-205.3882635000009,35.2112676056338
60,2.0,2.0,5.0,-6.46443149999997,-31.251522570631465,-59.89643950000027,50.0
70,0.5,0.5,1.0,-2014.7512320000005,-182.42444402275456,-2012.859123000002,1.5857284440039643
70,0.5,0.5,2.0,-743.6716430000002,-207.51913550760938,-741.6602579999999,2.4193548387096775
70,0.5,0.5,3.0,-247.85231100000001,-234.6132167517648,-245.84346299999743,4.8
70,0.5,0.5,5.0,-55.669549,-218.38792232739416,-53.64155599999867,0.0
70,0.5,1.0,1.0,-1868.6940020000002,-167.1336833228375,-1869.035772500003,3.657262277951933
70,0.5,1.0,2.0,-688.4454295,-163.8996007889541,-688.8779345000003,5.865921787709497
70,0.5,1.0,3.0,-222.19360599999982,-131.986993558861,-222.62864799999807,7.563025210084033
70,0.5,1.0,5.0,-42.205479500000045,-76.14652052353934,-40.17748650000067,9.090909090909092
70,0.5,1.5,1.0,-1833.5542590000005,-165.837388467832,-1836.025923000001,4.310344827586207
70,0.5,1.5,2.0,-693.5549455000003,-160.78982147092233,-696.1173439999984,5.113636363636364
70,0.5,1.5,3.0,-226.47297449999996,-129.05302485522935,-229.62793950000196,6.956521739130435
70,0.5,1.5,5.0,-46.345686500000035,-82.41946559325577,-41.55755549999958,9.090909090909092
70,0.5,2.0,1.0,-1826.1568245000003,-163.19515481514196,-1824.0547050000023,4.62046204620462
70,0.5,2.0,2.0,-709.9001810000003,-156.3309237307322,-707.8887959999993,4.610951008645533
70,0.5,2.0,3.0,-249.24960999999996,-128.8737253270739,-247.8307915000005,5.357142857142857
70,0.5,2.0,5.0,-71.59694900000007,-118.18674203330964,-66.8088179999977,4.545454545454546
70,1.0,0.5,1.0,-1617.2675814999996,-132.0663238937519,-1615.3754725,6.242197253433209
70,1.0,0.5,2.0,-602.2312009999997,-104.58586647918446,-600.2198159999971,11.846689895470384
70,1.0,0.5,3.0,-230.4075705000002,-95.98953865643298,-228.39872249999826,17.0
70,1.0,0.5,5.0,-31.749959500000095,-57.432407358711444,-36.60222100000101,30.0
70,1.0,1.0,1.0,-1359.5476514999991,-112.6508933641642,-1366.6636844999994,13.675213675213676
70,1.0,1.0,2.0,-506.5810069999996,-83.79781062504979,-513.7877744999969,23.73540856031128
70,1.0,1.0,3.0,-174.6342209999999,-62.98646653419015,-178.4088034999986,27.586206896551722
70,1.0,1.0,5.0,-35.88821949999995,-53.58536618992118,-39.94877600000109,26.31578947368421
70,1.0,1.5,1.0,-1227.7433374999996,-103.71364445721879,-1234.2924065000007,17.873651771956855
70,1.0,1.5,2.0,-458.56596299999995,-72.33836823272917,-465.41436500000054,26.141078838174277
70,1.0,1.5,3.0,-152.50211250000012,-49.72533787636902,-155.74728549999782,27.160493827160494
70,1.0,1.5,5.0,-19.19601849999998,-35.312567041280154,-30.619928000000073,41.17647058823529
70,1.0,2.0,1.0,-1198.5392289999995,-97.97963848170329,-1197.0951095000019,17.684887459807076
70,1.0,2.0,2.0,-436.87894200000017,-64.85575209604175,-438.49494849999974,23.008849557522122
70,1.0,2.0,3.0,-178.6104365000001,-58.130093370015096,-177.28182599999855,21.518987341772153
70,1.0,2.0,5.0,-35.8407105,-60.68482017597349,-47.11066299999948,25.0
70,1.5,0.5,1.0,-1463.391659999999,-114.31024145210162,-1469.1132109999962,9.040333796940194
70,1.5,0.5,2.0,-577.4662909999995,-89.80799379303957,-579.5683910000007,16.917293233082706
70,1.5,0.5,3.0,-200.96015249999996,-73.56225711603899,-217.52302249999775,25.0
70,1.5,0.5,5.0,-21.919554000000016,-43.727350828302654,-42.962539000000106,38.88888888888889
70,1.5,1.0,1.0,-1235.8850209999996,-90.74053398186454,-1247.3524644999998,18.932038834951456
70,1.5,1.0,2.0,-532.6855884999993,-71.1916607542268,-540.7435914999987,33.90557939914164
70,1.5,1.0,3.0,-213.8604079999998,-65.90657881032692,-235.30467700000008,35.80246913580247
70,1.5,1.0,5.0,-37.88840549999997,-52.003568344480136,-57.20569350000005,35.294117647058826
70,1.5,1.5,1.0,-1072.704236999999,-81.83410214020297,-1084.9145559999997,25.663716814159294
70,1.5,1.5,2.0,-414.31599299999965,-54.15517822881424,-425.13621550000244,39.06976744186046
70,1.5,1.5,3.0,-139.97166949999996,-41.75137892443267,-165.53263199999856,39.726027397260275
70,1.5,1.5,5.0,3.5897435000000453,2.8642858675285856,-28.22091449999789,64.28571428571429
70,1.5,2.0,1.0,-1026.5766609999998,-79.01523208955764,-1050.8054675000021,25.330812854442343
70,1.5,2.0,2.0,-367.71698750000024,-48.69161551538563,-395.1898000000001,34.183673469387756
70,1.5,2.0,3.0,-149.835701,-48.51045429285328,-184.706976999998,30.434782608695656
70,1.5,2.0,5.0,8.856822500000039,-16.078929712498894,-42.22994949999702,50.0
70,2.0,0.5,1.0,-1418.8779889999987,-103.49841899217795,-1424.5995399999993,10.625909752547306
70,2.0,0.5,2.0,-574.9244024999991,-76.67738693498102,-573.7863404999989,19.68503937007874
70,2.0,0.5,3.0,-199.28369899999984,-60.93649492737211,-223.79731299999912,26.666666666666668
70,2.0,0.5,5.0,-34.41017849999997,-49.658740095856636,-55.45316349999848,38.88888888888889
70,2.0,1.0,1.0,-1158.118247499999,-82.67222480488122,-1169.5856910000002,22.06896551724138
70,2.0,1.0,2.0,-500.826788499999,-64.33635403095248,-505.6446294999987,38.91402714932127
70,2.0,1.0,3.0,-193.00329449999975,-56.48794889159738,-219.9877735000009,40.50632911392405
70,2.0,1.0,5.0,-41.81860200000003,-54.394297377748785,-61.13589000000138,35.294117647058826
70,2.0,1.5,1.0,-990.2123349999993,-71.95910927610858,-1002.4226539999981,29.166666666666668
70,2.0,1.5,2.0,-369.75146349999943,-47.17374519940472,-377.33152399999744,45.27363184079602
70,2.0,1.5,3.0,-131.37454399999993,-37.033901998521415,-168.76475349999964,43.66197183098591
70,2.0,1.5,5.0,-0.34045300000001966,-0.7807294943729013,-32.15111099999922,64.28571428571429
70,2.0,2.0,1.0,-981.0965634999999,-72.36750956354865,-1005.3253699999987,28.888888888888886
70,2.0,2.0,2.0,-357.5302445,-48.046766298972166,-380.4089564999995,38.58695652173913
70,2.0,2.0,3.0,-146.49895049999972,-44.07252700808861,-191.02740350000022,34.32835820895522
70,2.0,2.0,5.0,-2.4737439999999395,-26.780282711767835,-53.56051599999773,50.0
80,0.5,0.5,1.0,-1900.0125300000004,-184.46903256082678,-1898.1204210000033,1.2725344644750796
80,0.5,0.5,2.0,-700.3973470000001,-212.7977283561206,-698.3859620000003,1.744186046511628
80,0.5,0.5,3.0,-230.63924900000004,-235.24362952307393,-228.63040099999853,4.3478260869565215
80,0.5,0.5,5.0,-55.669549,-218.38792232739416,-53.64155599999867,0.0
80,0.5,1.0,1.0,-1769.904273,-168.01777640862653,-1770.246043500003,3.229398663697105
80,0.5,1.0,2.0,-645.8184430000001,-165.71200584997234,-646.2509479999972,5.438066465256798
80,0.5,1.0,3.0,-199.82025599999992,-127.53428266294316,-200.25529800000004,8.256880733944955
80,0.5,1.0,5.0,-42.205479500000045,-76.14652052353934,-40.17748650000067,9.090909090909092
80,0.5,1.5,1.0,-1732.3701245000004,-166.36327224957543,-1734.8417885000017,4.018369690011482
80,0.5,1.5,2.0,-650.4077660000003,-163.33872906152695,-652.9701644999986,4.615384615384616
80,0.5,1.5,3.0,-204.09962450000006,-125.06617530692807,-207.2545895000003,7.6190476190476195
80,0.5,1.5,5.0,-46.345686500000035,-82.41946559325577,-41.55755549999958,9.090909090909092
80,0.5,2.0,1.0,-1723.1627805000003,-163.54783200564916,-1721.0606609999995,4.342723004694836
80,0.5,2.0,2.0,-666.3430220000002,-158.6141973738639,-664.3316369999993,4.0625
80,0.5,2.0,3.0,-226.87626000000006,-126.2234786905071,-225.45744150000246,5.88235294117647
80,0.5,2.0,5.0,-71.59694900000007,-118.18674203330964,-66.8088179999977,4.545454545454546
80,1.0,0.5,1.0,-1520.2603459999993,-131.76522228074595,-1518.3682369999988,6.016042780748663
80,1.0,0.5,2.0,-567.1370199999997,-105.61219833887156,-565.1256349999967,10.902255639097744
80,1.0,0.5,3.0,-214.53458850000015,-95.82741285200092,-212.52574049999748,16.129032258064516
80,1.0,0.5,5.0,-31.749959500000095,-57.432407358711444,-36.60222100000101,30.0
80,1.0,1.0,1.0,-1300.4319044999988,-113.3901140009542,-1302.057742500001,13.313161875945537
80,1.0,1.0,2.0,-479.7747489999996,-83.99722650451545,-481.49132149999787,23.236514522821576
80,1.0,1.0,3.0,-156.71510149999995,-61.08084106972567,-160.48968400000012,28.39506172839506
80,1.0,1.0,5.0,-35.88821949999995,-53.58536618992118,-39.94877600000109,26.31578947368421
80,1.0,1.5,1.0,-1169.9978544999994,-104.70570972377378,-1172.4695185000019,17.83960720130933
80,1.0,1.5,2.0,-441.52889849999985,-74.77980821365179,-444.2998955000003,25.663716814159294
80,1.0,1.5,3.0,-143.39263150000002,-51.697789784713436,-146.6378044999983,28.947368421052634
80,1.0,1.5,5.0,-19.19601849999998,-35.312567041280154,-30.619928000000073,41.17647058823529
80,1.0,2.0,1.0,-1152.324769499999,-98.947026366836,-1150.2226499999997,17.4061433447099
80,1.0,2.0,2.0,-427.38170349999996,-67.61665335172694,-428.3397100000002,21.80094786729858
80,1.0,2.0,3.0,-171.52084850000006,-61.2666906502408,-170.19223799999963,21.62162162162162
80,1.0,2.0,5.0,-35.8407105,-60.68482017597349,-47.11066299999948,25.0
80,1.5,0.5,1.0,-1379.1381359999987,-113.84271033950739,-1380.2449944999971,8.507462686567164
80,1.5,0.5,2.0,-549.0161949999994,-91.71928108107542,-546.5036025000009,15.040650406504067
80,1.5,0.5,3.0,-189.95093549999996,-73.95728576869384,-206.51380549999885,24.418604651162788
80,1.5,0.5,5.0,-21.919554000000016,-43.727350828302654,-42.962539000000106,38.88888888888889
80,1.5,1.0,1.0,-1169.9683834999992,-90.93072273246955,-1175.945631999999,18.307426597582037
80,1.5,1.0,2.0,-513.0047554999993,-72.1262093380438,-515.5725635000017,32.27272727272727
80,1.5,1.0,3.0,-192.45463599999977,-63.80609717216263,-213.89890500000183,36.84210526315789
80,1.5,1.0,5.0,-37.88840549999997,-52.003568344480136,-57.20569350000005,35.294117647058826
80,1.5,1.5,1.0,-1023.1813034999989,-82.04181621834907,-1029.2570059999998,25.6120527306968
80,1.5,1.5,2.0,-412.7794374999996,-56.7322498301831,-417.4650435000003,37.93103448275862
80,1.5,1.5,3.0,-122.11490599999993,-39.99798768970715,-147.67586849999861,42.028985507246375
80,1.5,1.5,5.0,3.5897435000000453,2.8642858675285856,-28.22091449999789,64.28571428571429
80,1.5,2.0,1.0,-986.5796459999993,-79.2429179069849,-1004.6738360000018,25.201612903225808
80,1.5,2.0,2.0,-368.9100685,-51.194043444895804,-390.2482645000018,32.065217391304344
80,1.5,2.0,3.0,-134.05883349999993,-47.718703397009754,-168.93010950000098,30.76923076923077
80,1.5,2.0,5.0,8.856822500000039,-16.078929712498894,-42.22994949999702,50.0
80,2.0,0.5,1.0,-1335.6907074999986,-102.48727003012358,-1336.7975659999975,10.14040561622465
80,2.0,0.5,2.0,-544.6742164999989,-77.82803332524556,-538.9214619999984,17.94871794871795
80,2.0,0.5,3.0,-188.27448199999978,-61.203144563919665,-212.78809600000022,26.190476190476193
80,2.0,0.5,5.0,-34.41017849999997,-49.658740095856636,-55.45316349999848,38.88888888888889
80,2.0,1.0,1.0,-1094.537329499999,-82.82748408275008,-1100.5145779999984,21.28440366972477
80,2.0,1.0,2.0,-477.7262524999989,-64.71133783476773,-477.05389849999847,37.5
80,2.0,1.0,3.0,-171.59752249999977,-54.16440026480015,-198.58200149999902,41.891891891891895
80,2.0,1.0,5.0,-41.81860200000003,-54.394297377748785,-61.13589000000138,35.294117647058826
80,2.0,1.5,1.0,-941.220632999999,-71.31850773114192,-947.2963354999993,29.116465863453815
80,2.0,1.5,2.0,-367.38533449999943,-49.01587132489253,-368.8307784999997,44.44444444444444
80,2.0,1.5,3.0,-113.51778049999984,-35.35460289709467,-150.9079899999997,46.26865671641791
80,2.0,1.5,5.0,-0.34045300000001966,-0.7807294943729013,-32.15111099999922,64.28571428571429
80,2.0,2.0,1.0,-943.2155259999995,-72.10808199570788,-961.3097159999998,28.54077253218884
80,2.0,2.0,2.0,-357.8937519999998,-50.25846215828517,-374.6378474999983,36.627906976744185
80,2.0,2.0,3.0,-130.72208299999969,-43.296924278060196,-175.25053599999956,34.92063492063492
80,2.0,2.0,5.0,-2.4737439999999395,-26.780282711767835,-53.56051599999773,50.0
90,0.5,0.5,1.0,-1807.0623450000005,-184.4821062308772,-1805.1702360000018,1.2276785714285714
90,0.5,0.5,2.0,-669.3488425000002,-210.03324945170937,-667.337457499998,1.8181818181818181
90,0.5,0.5,3.0,-222.47763700000002,-231.5351343245279,-220.46878899999865,4.504504504504505
90,0.5,0.5,5.0,-55.669549,-218.38792232739416,-53.64155599999867,0.0
90,0.5,1.0,1.0,-1681.1980555,-168.947624338613,-1681.5398260000002,3.274853801169591
90,0.5,1.0,2.0,-611.0897545,-162.38777887100676,-611.5222594999977,5.678233438485805
90,0.5,1.0,3.0,-189.79855099999992,-124.10522774166635,-190.2335929999972,8.571428571428571
90,0.5,1.0,5.0,-42.205479500000045,-76.14652052353934,-40.17748650000067,9.090909090909092
90,0.5,1.5,1.0,-1653.2877085000002,-168.12750499031134,-1655.7593725000006,3.9663461538461537
90,0.5,1.5,2.0,-615.6790775000003,-160.1729070659087,-618.2414759999992,4.823151125401929
90,0.5,1.5,3.0,-194.07791950000004,-121.89274118980254,-197.2328845000011,7.920792079207921
90,0.5,1.5,5.0,-46.345686500000035,-82.41946559325577,-41.55755549999958,9.090909090909092
90,0.5,2.0,1.0,-1646.6847415000002,-165.19768882840685,-1644.5826220000017,4.176904176904177
90,0.5,2.0,2.0,-631.6143335000003,-155.78580799193028,-629.6029484999999,4.248366013071895
90,0.5,2.0,3.0,-216.85455500000003,-123.73182893744517,-215.43573650000326,6.122448979591836
90,0.5,2.0,5.0,-71.59694900000007,-118.18674203330964,-66.8088179999977,4.545454545454546
90,1.0,0.5,1.0,-1442.4657254999993,-131.61129211371713,-1440.573616499998,6.338028169014084
90,1.0,0.5,2.0,-551.8204354999998,-105.40063162388232,-549.8090504999964,11.284046692607005
90,1.0,0.5,3.0,-205.31302950000017,-94.01892681673503,-203.3041814999997,16.853932584269664
90,1.0,0.5,5.0,-31.749959500000095,-57.432407358711444,-36.60222100000101,30.0
90,1.0,1.0,1.0,-1244.3767859999994,-112.54757629115043,-1246.0026240000007,13.80952380952381
90,1.0,1.0,2.0,-461.4082739999997,-83.53565679334234,-463.12484649999897,23.809523809523807
90,1.0,1.0,3.0,-143.91336349999986,-58.35511758103416,-147.6879459999982,29.87012987012987
90,1.0,1.0,5.0,-35.88821949999995,-53.58536618992118,-39.94877600000109,26.31578947368421
90,1.0,1.5,1.0,-1110.9986219999992,-103.90402353458741,-1113.4702859999998,18.213058419243985
90,1.0,1.5,2.0,-424.92237549999993,-74.26363114377148,-427.6933724999981,26.26728110599078
90,1.0,1.5,3.0,-130.59089350000002,-49.1057900727698,-133.83606650000002,30.555555555555557
90,1.0,1.5,5.0,-19.19601849999998,-35.312567041280154,-30.619928000000073,41.17647058823529
90,1.0,2.0,1.0,-1093.584705499999,-98.08596920248566,-1091.4825859999983,17.38351254480287
90,1.0,2.0,2.0,-409.24564399999997,-66.76592251138368,-410.20365049999964,22.167487684729064
90,1.0,2.0,3.0,-158.71911049999997,-59.1706298642174,-157.3904999999977,22.857142857142858
90,1.0,2.0,5.0,-35.8407105,-60.68482017597349,-47.11066299999948,25.0
90,1.5,0.5,1.0,-1311.833368999999,-114.4373987209623,-1312.9402274999993,8.962264150943396
90,1.5,0.5,2.0,-540.4459914999994,-94.26773495371262,-537.9333990000014,15.546218487394958
90,1.5,0.5,3.0,-180.33972399999993,-75.60672668535395,-196.90259399999923,25.609756097560975
90,1.5,0.5,5.0,-21.919554000000016,-43.727350828302654,-42.962539000000106,38.88888888888889
90,1.5,1.0,1.0,-1142.7943319999995,-92.09647178252716,-1148.7715805000007,18.772563176895307
90,1.5,1.0,2.0,-495.4147689999994,-72.76956818303339,-497.98257699999886,32.857142857142854
90,1.5,1.0,3.0,-180.27329599999968,-63.703847537632186,-201.71756500000265,37.5
90,1.5,1.0,5.0,-37.88840549999997,-52.003568344480136,-57.20569350000005,35.294117647058826
90,1.5,1.5,1.0,-977.533154499999,-82.08183883004902,-983.6088569999993,26.429980276134124
90,1.5,1.5,2.0,-390.6790894999996,-56.042564792673666,-395.3646955000004,38.659793814432994
90,1.5,1.5,3.0,-108.83351099999985,-37.93314873466482,-134.39447350000046,43.07692307692308
90,1.5,1.5,5.0,3.5897435000000453,2.8642858675285856,-28.22091449999789,64.28571428571429
90,1.5,2.0,1.0,-927.4211554999993,-78.12807341978298,-945.5153455,25.581395348837212
90,1.5,2.0,2.0,-363.96044700000004,-52.05521241216131,-385.2986430000019,31.46067415730337
90,1.5,2.0,3.0,-120.71743549999984,-46.116242001160344,-155.5887115000005,31.147540983606557
90,1.5,2.0,5.0,8.856822500000039,-16.078929712498894,-42.22994949999702,50.0
90,2.0,0.5,1.0,-1270.7137409999982,-101.03937726187199,-1271.820599499999,10.855263157894738
90,2.0,0.5,2.0,-542.2218789999988,-79.8589204314135,-536.4691244999995,18.94273127753304
90,2.0,0.5,3.0,-181.38313449999973,-62.245629605753344,-205.89674849999938,27.500000000000004
90,2.0,0.5,5.0,-34.41017849999997,-49.658740095856636,-55.45316349999848,38.88888888888889
90,2.0,1.0,1.0,-1070.215086499999,-83.30030936578558,-1076.1923349999997,21.497120921305182
90,2.0,1.0,2.0,-468.20396449999896,-65.90797108515086,-467.53161049999835,37.5
90,2.0,1.0,3.0,-162.1057419999997,-54.93797395871705,-189.09022099999856,41.42857142857143
90,2.0,1.0,5.0,-41.81860200000003,-54.394297377748785,-61.13589000000138,35.294117647058826
90,2.0,1.5,1.0,-902.5940949999988,-71.06660058203093,-908.6697974999988,29.68421052631579
90,2.0,1.5,2.0,-355.65244899999936,-49.37109477904001,-357.0978929999983,43.956043956043956
90,2.0,1.5,3.0,-102.92594499999981,-34.48888886328837,-140.31615450000027,46.03174603174603
90,2.0,1.5,5.0,-0.34045300000001966,-0.7807294943729013,-32.15111099999922,64.28571428571429
90,2.0,2.0,1.0,-872.5143024999993,-71.3465310011984,-890.6084924999996,29.345372460496616
90,2.0,2.0,2.0,-342.24158049999977,-50.02627704501939,-358.98567600000024,36.74698795180723
90,2.0,2.0,3.0,-121.19018849999962,-43.27543508059212,-165.71864149999965,33.89830508474576
90,2.0,2.0,5.0,-2.4737439999999395,-26.780282711767835,-53.56051599999773,50.0
100,0.5,0.5,1.0,-1726.3131640000004,-183.5651154688967,-1724.421054999999,1.2850467289719625
100,0.5,0.5,2.0,-641.5569585000002,-209.16990936223056,-639.5455734999996,1.89873417721519
100,0.5,0.5,3.0,-220.42648000000003,-231.14775484005716,-218.41763199999696,4.545454545454546
100,0.5,0.5,5.0,-55.669549,-218.38792232739416,-53.64155599999867,0.0
100,0.5,1.0,1.0,-1599.9970975,-167.5190638309236,-1600.338867999999,3.431372549019608
100,0.5,1.0,2.0,-579.8980405,-160.03547663842483,-580.3305454999972,5.9405940594059405
100,0.5,1.0,3.0,-187.74739399999993,-123.72166012228469,-188.18243599999914,8.653846153846153
100,0.5,1.0,5.0,-42.205479500000045,-76.14652052353934,-40.17748650000067,9.090909090909092
100,0.5,1.5,1.0,-1569.6596385000003,-167.15181142389034,-1572.1313025000018,4.0455120101137805
100,0.5,1.5,2.0,-589.3195925000002,-159.45366182177136,-591.8819909999984,4.697986577181208
100,0.5,1.5,3.0,-192.02676250000005,-121.58016516467177,-195.18172750000303,8.0
100,0.5,1.5,5.0,-46.345686500000035,-82.41946559325577,-41.55755549999958,9.090909090909092
100,0.5,2.0,1.0,-1581.1972990000002,-165.3695863368875,-1579.0951795,4.10783055198973
100,0.5,2.0,2.0,-613.096587,-159.10045505908434,-611.0852019999984,3.741496598639456
100,0.5,2.0,3.0,-214.80339800000002,-123.59141856961074,-213.38457950000156,6.185567010309279
100,0.5,2.0,5.0,-71.59694900000007,-118.18674203330964,-66.8088179999977,4.545454545454546
100,1.0,0.5,1.0,-1398.9397995,-132.68630739971925,-1397.0476904999996,5.735294117647059
100,1.0,0.5,2.0,-540.5394755000001,-106.8275504730813,-538.5280905,10.931174089068826
100,1.0,0.5,3.0,-205.90174050000024,-95.08152021191141,-203.89289250000002,15.909090909090908
100,1.0,0.5,5.0,-31.749959500000095,-57.432407358711444,-36.60222100000101,30.0
100,1.0,1.0,1.0,-1199.9070189999998,-112.976782996285,-1201.532857000002,13.2890365448505
100,1.0,1.0,2.0,-443.07807249999996,-83.54861623660683,-444.7946449999981,23.52941176470588
100,1.0,1.0,3.0,-144.6520669999999,-59.05107007183344,-148.42664949999744,28.947368421052634
100,1.0,1.0,5.0,-35.88821949999995,-53.58536618992118,-39.94877600000109,26.31578947368421
100,1.0,1.5,1.0,-1081.0947329999995,-105.10190143457207,-1083.5663969999987,17.594254937163374
100,1.0,1.5,2.0,-412.1857820000001,-75.24585055949599,-414.9567790000001,25.120772946859905
100,1.0,1.5,3.0,-131.329597,-49.710491013624356,-134.57476999999926,29.577464788732392
100,1.0,1.5,5.0,-19.19601849999998,-35.312567041280154,-30.619928000000073,41.17647058823529
100,1.0,2.0,1.0,-1079.2306649999991,-100.2752289198979,-1077.1285454999997,16.54275092936803
100,1.0,2.0,2.0,-414.5782065000002,-70.21295877585696,-415.53621300000304,20.408163265306122
100,1.0,2.0,3.0,-159.457814,-59.89004128042421,-158.12920350000059,21.73913043478261
100,1.0,2.0,5.0,-35.8407105,-60.68482017597349,-47.11066299999948,25.0
100,1.5,0.5,1.0,-1273.0577019999994,-115.2584453559016,-1274.1645605000012,8.374384236453201
100,1.5,0.5,2.0,-536.9495389999997,-96.47821753068776,-534.4369465000018,15.283842794759824
100,1.5,0.5,3.0,-180.92843499999998,-76.4296509679987,-197.49130499999956,24.691358024691358
100,1.5,0.5,5.0,-21.919554000000016,-43.727350828302654,-42.962539000000106,38.88888888888889
100,1.5,1.0,1.0,-1100.8609074999995,-92.32845888026984,-1106.8381560000016,18.336483931947072
100,1.5,1.0,2.0,-473.7979309999996,-72.71904995905666,-476.36573900000076,33.5
100,1.5,1.0,3.0,-181.01199949999972,-64.46589931163064,-202.4562685000019,36.61971830985916
100,1.5,1.0,5.0,-37.88840549999997,-52.003568344480136,-57.20569350000005,35.294117647058826
100,1.5,1.5,1.0,-956.2686274999993,-83.5440865995529,-962.3443299999999,25.979381443298973
100,1.5,1.5,2.0,-372.6380699999998,-56.255478122413294,-377.323676,38.58695652173913
100,1.5,1.5,3.0,-109.57221449999983,-38.43865115261654,-135.1331769999997,42.1875
100,1.5,1.5,5.0,3.5897435000000453,2.8642858675285856,-28.22091449999789,64.28571428571429
100,1.5,2.0,1.0,-910.1870204999994,-79.39980181321648,-928.2812105000012,24.835164835164836
100,1.5,2.0,2.0,-353.7369385000002,-52.61316426750647,-375.0751345000026,31.176470588235293
100,1.5,2.0,3.0,-121.45613899999985,-46.729275043302835,-156.32741499999975,30.0
100,1.5,2.0,5.0,8.856822500000039,-16.078929712498894,-42.22994949999702,50.0
100,2.0,0.5,1.0,-1215.1299934999988,-100.67709000865149,-1216.2368519999982,10.344827586206897
100,2.0,0.5,2.0,-526.5271444999992,-80.40390457767462,-520.7743899999987,18.89400921658986
100,2.0,0.5,3.0,-181.97184549999974,-62.876922173325184,-206.4854594999997,26.582278481012654
100,2.0,0.5,5.0,-34.41017849999997,-49.658740095856636,-55.45316349999848,38.88888888888889
100,2.0,1.0,1.0,-1026.238126499999,-83.47656878940658,-1032.2153749999998,20.92555331991952
100,2.0,1.0,2.0,-439.90724049999926,-65.27580683055109,-439.23488649999854,38.421052631578945
100,2.0,1.0,3.0,-162.84444549999972,-55.59790289182701,-189.82892450000145,40.57971014492754
100,2.0,1.0,5.0,-41.81860200000003,-54.394297377748785,-61.13589000000138,35.294117647058826
100,2.0,1.5,1.0,-871.499407999999,-71.68020976014391,-877.5751104999981,29.3598233995585
100,2.0,1.5,2.0,-331.6702904999996,-48.94253992081179,-333.11573449999923,43.93063583815029
100,2.0,1.5,3.0,-103.66464849999983,-34.941146259133426,-141.0548579999995,45.16129032258064
100,2.0,1.5,5.0,-0.34045300000001966,-0.7807294943729013,-32.15111099999922,64.28571428571429
100,2.0,2.0,1.0,-842.2047004999995,-71.2828007837598,-860.298890500002,28.77358490566038
100,2.0,2.0,2.0,-330.8680595,-50.26010864563547,-347.6121549999989,35.84905660377358
100,2.0,2.0,3.0,-121.92889199999966,-43.838264192955094,-166.4573449999989,32.758620689655174
100,2.0,2.0,5.0,-2.4737439999999395,-26.780282711767835,-53.56051599999773,50.0
150,0.5,0.5,1.0,-1430.686826,-180.15397330161946,-1428.6748619999998,0.9929078014184398
150,0.5,0.5,2.0,-511.31572100000005,-203.17128709544494,-509.3043359999974,2.0
150,0.5,0.5,3.0,-193.630916,-227.7544293860159,-191.62206799999694,4.2105263157894735
150,0.5,0.5,5.0,-55.669549,-218.38792232739416,-53.64155599999867,0.0
150,0.5,1.0,1.0,-1327.3461334999997,-165.2870436157845,-1325.334169499998,3.129657228017884
150,0.5,1.0,2.0,-464.39253999999994,-157.87530043514133,-462.3811549999991,6.2761506276150625
150,0.5,1.0,3.0,-167.60827399999985,-122.87734232637912,-165.59942599999704,8.88888888888889
150,0.5,1.0,5.0,-42.205479500000045,-76.14652052353934,-40.17748650000067,9.090909090909092
150,0.5,1.5,1.0,-1295.174105,-165.11713671053346,-1293.162140999997,3.7209302325581395
150,0.5,1.5,2.0,-469.2874785,-157.9058765029817,-467.27609349999693,4.310344827586207
150,0.5,1.5,3.0,-166.78105799999997,-119.05734589869634,-165.36223950000203,7.142857142857142
150,0.5,1.5,5.0,-46.345686500000035,-82.41946559325577,-41.55755549999958,9.090909090909092
150,0.5,2.0,1.0,-1306.7972845,-163.3279607221451,-1304.7853204999992,3.918495297805643
150,0.5,2.0,2.0,-494.7268845000001,-158.98720653864066,-492.71549949999826,3.463203463203463
150,0.5,2.0,3.0,-189.62234700000002,-122.95351806652164,-188.203528500002,6.024096385542169
150,0.5,2.0,5.0,-71.59694900000007,-118.18674203330964,-66.8088179999977,4.545454545454546
150,1.0,0.5,1.0,-1163.2213604999997,-131.09712491448238,-1168.0896509999984,4.761904761904762
150,1.0,0.5,2.0,-416.59636250000005,-101.30285061683983,-421.46523199999865,10.152284263959391
150,1.0,0.5,3.0,-155.11976600000014,-82.11337558086726,-159.99117249999836,17.333333333333336
150,1.0,0.5,5.0,-31.749959500000095,-57.432407358711444,-36.60222100000101,30.0
150,1.0,1.0,1.0,-1009.4661299999993,-113.46639282963196,-1011.6586759999991,12.350597609561753
150,1.0,1.0,2.0,-366.88958549999984,-86.30053285202757,-369.08271049999894,21.787709497206702
150,1.0,1.0,3.0,-127.9745634999998,-62.55814487887956,-130.1702254999982,28.78787878787879
150,1.0,1.0,5.0,-35.88821949999995,-53.58536618992118,-39.94877600000109,26.31578947368421
150,1.0,1.5,1.0,-893.7830994999994,-104.17645483718928,-896.4541754999991,17.24137931034483
150,1.0,1.5,2.0,-333.7142014999998,-75.69961726264096,-336.59445499999856,23.952095808383234
150,1.0,1.5,3.0,-113.08207999999992,-50.8885237107939,-116.43650949999937,29.508196721311474
150,1.0,1.5,5.0,-19.19601849999998,-35.312567041280154,-30.619928000000073,41.17647058823529
150,1.0,2.0,1.0,-890.5114189999991,-98.91485206127425,-889.7630900000004,16.70378619153675
150,1.0,2.0,2.0,-334.076097,-70.27002929925699,-336.2977385000013,20.253164556962027
150,1.0,2.0,3.0,-133.94673999999998,-59.96770777748899,-133.8817644999981,23.333333333333332
150,1.0,2.0,5.0,-35.8407105,-60.68482017597349,-47.11066299999948,25.0
150,1.5,0.5,1.0,-1024.0507124999992,-112.70619459553072,-1045.109726499999,7.615230460921844
150,1.5,0.5,2.0,-388.6788364999997,-89.81974798657382,-406.23825450000004,15.083798882681565
150,1.5,0.5,3.0,-128.596157,-64.29589382012922,-150.38620399999854,27.941176470588236
150,1.5,0.5,5.0,-21.919554000000016,-43.727350828302654,-42.962539000000106,38.88888888888889
150,1.5,1.0,1.0,-877.8524694999992,-90.23440479102742,-897.1857864999984,18.160919540229887
150,1.5,1.0,2.0,-353.1481319999996,-70.36164190727733,-368.98185300000114,33.54430379746836
150,1.5,1.0,3.0,-157.2243844999997,-66.84245422017544,-177.0897330000007,37.704918032786885
150,1.5,1.0,5.0,-37.88840549999997,-52.003568344480136,-57.20569350000005,35.294117647058826
150,1.5,1.5,1.0,-758.354240499999,-80.57496099195504,-777.2160399999993,25.81453634085213
150,1.5,1.5,2.0,-254.30402099999955,-49.49526627127549,-271.68556850000095,39.86013986013986
150,1.5,1.5,3.0,-83.08430349999979,-35.38507561494472,-106.49637399999847,44.44444444444444
150,1.5,1.5,5.0,3.5897435000000453,2.8642858675285856,-28.22091449999789,64.28571428571429
150,1.5,2.0,1.0,-713.7050454999993,-76.87923721044743,-749.1591159999989,25.333333333333336
150,1.5,2.0,2.0,-233.61280299999999,-46.72006452459366,-272.2207240000025,33.587786259541986
150,1.5,2.0,3.0,-91.0948404999999,-43.92150604769708,-128.3910079999987,33.33333333333333
150,1.5,2.0,5.0,8.856822500000039,-16.078929712498894,-42.22994949999702,50.0
150,2.0,0.5,1.0,-956.9497484999986,-97.13043908902473,-978.0087624999978,9.725158562367865
150,2.0,0.5,2.0,-373.1149004999992,-72.96105060481199,-387.4341564999995,18.93491124260355
150,2.0,0.5,3.0,-128.56981599999975,-52.38558625436371,-158.31060699999944,30.303030303030305
150,2.0,0.5,5.0,-34.41017849999997,-49.658740095856636,-55.45316349999848,38.88888888888889
150,2.0,1.0,1.0,-814.5636719999989,-81.24248205530135,-833.8969889999971,20.833333333333336
150,2.0,1.0,2.0,-336.16717299999914,-63.428142387808215,-348.7607319999988,37.74834437086093
150,2.0,1.0,3.0,-141.28724799999964,-57.355606631031506,-166.69280649999928,40.67796610169492
150,2.0,1.0,5.0,-41.81860200000003,-54.394297377748785,-61.13589000000138,35.294117647058826
150,2.0,1.5,1.0,-683.1877624999988,-68.45456443745023,-702.0495619999965,29.2225201072386
150,2.0,1.5,2.0,-221.20612799999935,-42.71817154026537,-235.34751349999715,45.18518518518518
150,2.0,1.5,3.0,-67.15716749999969,-29.25855261768277,-102.39848500000153,48.07692307692308
150,2.0,1.5,5.0,-0.34045300000001966,-0.7807294943729013,-32.15111099999922,64.28571428571429
150,2.0,2.0,1.0,-652.2925924999992,-67.77546880600285,-687.7466629999981,29.428571428571427
150,2.0,2.0,2.0,-221.25686299999964,-43.986575804199795,-255.270683499999,37.903225806451616
150,2.0,2.0,3.0,-81.5480234999996,-38.727043593542,-128.5013680000011,36.734693877551024
150,2.0,2.0,5.0,-2.4737439999999395,-26.780282711767835,-53.56051599999773,50.0
200,0.5,0.5,1.0,-1197.4931190000002,-176.6243236879813,-1195.4811549999977,0.6825938566552902
200,0.5,0.5,2.0,-401.9278465000002,-194.55234287181779,-399.91646149999724,1.5384615384615385
200,0.5,0.5,3.0,-170.20727250000002,-223.82819704434527,-168.1984244999985,3.614457831325301
200,0.5,0.5,5.0,-55.669549,-218.38792232739416,-53.64155599999867,0.0
200,0.5,1.0,1.0,-1098.9526885,-161.11199592765402,-1096.9407244999966,3.063063063063063
200,0.5,1.0,2.0,-358.192598,-148.59031209434633,-356.18121299999984,6.486486486486487
200,0.5,1.0,3.0,-144.18463049999986,-115.7630383500656,-142.1757824999986,8.974358974358974
200,0.5,1.0,5.0,-42.205479500000045,-76.14652052353934,-40.17748650000067,9.090909090909092
200,0.5,1.5,1.0,-1076.194583,-161.3849926815838,-1074.1826189999992,3.7453183520599254
200,0.5,1.5,2.0,-364.333667,-149.39263128505226,-362.32228199999736,5.0
200,0.5,1.5,3.0,-151.07386849999997,-118.33064809397865,-149.6550500000012,6.756756756756757
200,0.5,1.5,5.0,-46.345686500000035,-82.41946559325577,-41.55755549999958,9.090909090909092
200,0.5,2.0,1.0,-1095.2762309999998,-160.75776456730176,-1093.2642669999987,3.402646502835539
200,0.5,2.0,2.0,-388.24533150000013,-152.91151844176792,-386.2339464999968,3.932584269662921
200,0.5,2.0,3.0,-174.1151675,-124.38011757141807,-172.69634900000165,5.47945205479452
200,0.5,2.0,5.0,-71.59694900000007,-118.18674203330964,-66.8088179999977,4.545454545454546
200,1.0,0.5,1.0,-985.189629,-128.9989173960007,-990.0579194999991,4.439746300211417
200,1.0,0.5,2.0,-329.74555450000014,-98.37851602678602,-334.6144239999994,10.457516339869281
200,1.0,0.5,3.0,-145.88917400000005,-85.11051830644298,-150.76058049999847,16.666666666666664
200,1.0,0.5,5.0,-31.749959500000095,-57.432407358711444,-36.60222100000101,30.0
200,1.0,1.0,1.0,-839.8040914999995,-109.60141730053716,-841.9966374999967,12.470023980815348
200,1.0,1.0,2.0,-282.93776249999996,-82.48333271904232,-285.1308874999995,23.741007194244602
200,1.0,1.0,3.0,-119.92520349999978,-63.767458645170706,-122.12086549999731,27.11864406779661
200,1.0,1.0,5.0,-35.88821949999995,-53.58536618992118,-39.94877600000109,26.31578947368421
200,1.0,1.5,1.0,-761.9697589999996,-102.95837955361907,-764.6408349999983,16.623376623376622
200,1.0,1.5,2.0,-269.5643395000001,-74.48834804498254,-272.44459300000017,25.384615384615383
200,1.0,1.5,3.0,-115.5153249999999,-55.82885336526026,-118.86975449999954,27.27272727272727
200,1.0,1.5,5.0,-19.19601849999998,-35.312567041280154,-30.619928000000073,41.17647058823529
200,1.0,2.0,1.0,-752.7244514999993,-96.50786601168073,-751.9761225000002,16.442048517520217
200,1.0,2.0,2.0,-267.54561900000016,-68.50672864499522,-269.7672605000007,21.311475409836063
200,1.0,2.0,3.0,-136.37998499999995,-65.74111927639214,-136.31500949999827,20.37037037037037
200,1.0,2.0,5.0,-35.8407105,-60.68482017597349,-47.11066299999948,25.0
200,1.5,0.5,1.0,-883.1127289999997,-113.53960381652209,-904.171742999999,7.142857142857142
200,1.5,0.5,2.0,-324.54115899999994,-91.75744967039765,-342.10057700000107,13.986013986013987
200,1.5,0.5,3.0,-128.26793799999996,-70.96550120655205,-150.05798499999946,25.0
200,1.5,0.5,5.0,-21.919554000000016,-43.727350828302654,-42.962539000000106,38.88888888888889
200,1.5,1.0,1.0,-758.1206324999995,-89.77637090028438,-777.453949499999,17.43869209809264
200,1.5,1.0,2.0,-312.3810019999998,-74.34496618488883,-328.21472300000096,32.8125
200,1.5,1.0,3.0,-148.27685449999973,-67.98747716770626,-168.14220299999943,36.36363636363637
200,1.5,1.0,5.0,-37.88840549999997,-52.003568344480136,-57.20569350000005,35.294117647058826
200,1.5,1.5,1.0,-666.0056374999992,-81.06162700236091,-684.8674369999972,25.07462686567164
200,1.5,1.5,2.0,-230.96713049999985,-52.703404717335424,-248.3486780000021,39.130434782608695
200,1.5,1.5,3.0,-89.81776349999983,-39.959608521508976,-113.22983399999794,43.75
200,1.5,1.5,5.0,3.5897435000000453,2.8642858675285856,-28.22091449999789,64.28571428571429
200,1.5,2.0,1.0,-638.9264639999997,-77.64723068743761,-674.3805345000001,24.367088607594937
200,1.5,2.0,2.0,-216.86758200000023,-49.82900411007394,-255.47550300000148,31.428571428571427
200,1.5,2.0,3.0,-97.82830049999994,-49.43599660941784,-135.12446799999816,31.11111111111111
200,1.5,2.0,5.0,8.856822500000039,-16.078929712498894,-42.22994949999702,50.0
200,2.0,0.5,1.0,-815.5892829999991,-95.75253650528708,-836.6482969999961,9.343434343434344
200,2.0,0.5,2.0,-301.93867049999955,-72.08146771740414,-316.2579264999986,18.65671641791045
200,2.0,0.5,3.0,-122.84132699999975,-55.1648485887092,-152.58211799999845,27.586206896551722
200,2.0,0.5,5.0,-34.41017849999997,-49.658740095856636,-55.45316349999848,38.88888888888889
200,2.0,1.0,1.0,-668.3798874999991,-78.03115244006976,-687.7132044999962,20.64896755162242
200,2.0,1.0,2.0,-268.03311299999956,-62.28494978785868,-280.6266719999985,39.166666666666664
200,2.0,1.0,3.0,-126.93944799999969,-55.74787135559626,-152.34500649999973,39.62264150943396
200,2.0,1.0,5.0,-41.81860200000003,-54.394297377748785,-61.13589000000138,35.294117647058826
200,2.0,1.5,1.0,-566.4476009999993,-65.83538367605124,-585.3094004999984,29.22077922077922
200,2.0,1.5,2.0,-178.6326079999997,-42.28236325327882,-192.77399349999905,46.22641509433962
200,2.0,1.5,3.0,-68.49035749999973,-31.0176732482872,-103.73167499999909,47.82608695652174
200,2.0,1.5,5.0,-0.34045300000001966,-0.7807294943729013,-32.15111099999922,64.28571428571429
200,2.0,2.0,1.0,-569.4189889999994,-67.578359450659,-604.8730594999979,28.865979381443296
200,2.0,2.0,2.0,-185.2550115,-44.03450389701671,-219.26883199999793,37.11340206185567
200,2.0,2.0,3.0,-82.88121349999966,-41.488389587934826,-129.83455799999865,34.883720930232556
200,2.0,2.0,5.0,-2.4737439999999395,-26.780282711767835,-53.56051599999773,50.0
250,0.5,0.5,1.0,-1074.596524,-174.73396377826933,-1072.5845599999993,0.7590132827324478
250,0.5,0.5,2.0,-338.91361200000017,-188.83639231844077,-336.9022269999987,1.8072289156626504
250,0.5,0.5,3.0,-153.78902650000003,-221.22613651114958,-151.78017849999742,4.0
250,0.5,0.5,5.0,-55.669549,-218.38792232739416,-53.64155599999867,0.0
250,0.5,1.0,1.0,-978.1285424999999,-158.41466186229232,-976.1165784999976,3.2193158953722336
250,0.5,1.0,2.0,-299.020724,-143.84057274898268,-297.00933899999654,7.006369426751593
250,0.5,1.0,3.0,-127.76638449999989,-112.25159577800643,-125.75753649999751,10.0
250,0.5,1.0,5.0,-42.205479500000045,-76.14652052353934,-40.17748650000067,9.090909090909092
250,0.5,1.5,1.0,-944.3605574999997,-157.3278148591687,-942.348593499999,4.201680672268908
250,0.5,1.5,2.0,-300.861578,-143.1649465166542,-298.8501929999984,5.921052631578947
250,0.5,1.5,3.0,-134.65562249999996,-115.84392654580076,-133.23680400000012,7.575757575757576
250,0.5,1.5,5.0,-46.345686500000035,-82.41946559325577,-41.55755549999958,9.090909090909092
250,0.5,2.0,1.0,-963.4422054999999,-156.64184345300296,-961.4302414999984,3.821656050955414
250,0.5,2.0,2.0,-324.77324250000004,-148.37595280914033,-322.76185749999786,4.666666666666667
250,0.5,2.0,3.0,-157.6969215,-124.161918232581,-156.27810300000056,6.153846153846154
250,0.5,2.0,5.0,-71.59694900000007,-118.18674203330964,-66.8088179999977,4.545454545454546
250,1.0,0.5,1.0,-896.5494619999996,-125.97338676787786,-901.4177524999977,4.225352112676056
250,1.0,0.5,2.0,-291.9301975000001,-98.29612686022526,-296.7990669999999,9.923664122137405
250,1.0,0.5,3.0,-136.27139749999995,-86.07107524682921,-141.14280399999916,16.666666666666664
250,1.0,0.5,5.0,-31.749959500000095,-57.432407358711444,-36.60222100000101,30.0
250,1.0,1.0,1.0,-758.1023739999994,-106.75843380191894,-760.2949199999966,12.266666666666666
250,1.0,1.0,2.0,-236.6243149999999,-80.43460374895966,-238.8174399999989,24.576271186440678
250,1.0,1.0,3.0,-104.10711699999973,-61.72910206702277,-106.30277899999783,28.30188679245283
250,1.0,1.0,5.0,-35.88821949999995,-53.58536618992118,-39.94877600000109,26.31578947368421
250,1.0,1.5,1.0,-701.1973144999992,-103.64113903489259,-703.8683904999962,16.473988439306357
250,1.0,1.5,2.0,-243.98415499999987,-78.27110899495293,-246.8644084999978,26.126126126126124
250,1.0,1.5,3.0,-116.99952299999975,-62.7502321689776,-120.35395249999783,28.000000000000004
250,1.0,1.5,5.0,-19.19601849999998,-35.312567041280154,-30.619928000000073,41.17647058823529
250,1.0,2.0,1.0,-696.7203659999991,-98.17418774744269,-695.9720369999959,15.915915915915916
250,1.0,2.0,2.0,-241.9654345,-71.53605454730551,-244.18707600000198,21.35922330097087
250,1.0,2.0,3.0,-137.8641829999998,-73.50778221075751,-137.7992075000002,20.408163265306122
250,1.0,2.0,5.0,-35.8407105,-60.68482017597349,-47.11066299999948,25.0
250,1.5,0.5,1.0,-774.1397049999996,-107.87037866122753,-795.198719,7.427055702917771
250,1.5,0.5,2.0,-267.05234400000006,-85.78200479811096,-284.61176200000045,14.754098360655737
250,1.5,0.5,3.0,-102.6763444999999,-62.16575380215098,-124.46639149999828,25.925925925925924
250,1.5,0.5,5.0,-21.919554000000016,-43.727350828302654,-42.962539000000106,38.88888888888889
250,1.5,1.0,1.0,-685.1869914999994,-88.74864000807226,-704.5203084999994,16.766467065868262
250,1.5,1.0,2.0,-257.22948800000006,-70.78568678760408,-273.0632089999999,32.432432432432435
250,1.5,1.0,3.0,-110.19463649999983,-57.69425280893764,-130.05998499999987,38.775510204081634
250,1.5,1.0,5.0,-37.88840549999997,-52.003568344480136,-57.20569350000005,35.294117647058826
250,1.5,1.5,1.0,-605.5163129999993,-79.25794773735576,-624.3781124999987,24.262295081967213
250,1.5,1.5,2.0,-188.9179599999998,-49.28768669023004,-206.2995074999999,39.39393939393939
250,1.5,1.5,3.0,-70.5279044999998,-36.17131160919514,-93.9399749999975,46.51162790697674
250,1.5,1.5,5.0,3.5897435000000453,2.8642858675285856,-28.22091449999789,64.28571428571429
250,1.5,2.0,1.0,-589.7043174999994,-77.8993034005616,-625.1583879999998,23.18339100346021
250,1.5,2.0,2.0,-185.09749150000002,-48.618141116624756,-223.70541250000315,30.76923076923077
250,1.5,2.0,3.0,-70.49803949999983,-44.35958868757868,-107.794206999999,35.0
250,1.5,2.0,5.0,8.856822500000039,-16.078929712498894,-42.22994949999702,50.0
250,2.0,0.5,1.0,-709.4568984999992,-90.40281772463713,-730.5159124999991,9.295774647887324
250,2.0,0.5,2.0,-248.8205714999996,-68.66671572630433,-263.1398274999992,18.26086956521739
250,2.0,0.5,3.0,-85.7791599999998,-46.43605127111224,-115.5199509999984,28.846153846153843
250,2.0,0.5,5.0,-34.41017849999997,-49.658740095856636,-55.45316349999848,38.88888888888889
250,2.0,1.0,1.0,-587.8253019999992,-76.01846594382236,-607.158618999998,19.934640522875817
250,2.0,1.0,2.0,-214.08667199999974,-59.683348667481184,-226.68023099999846,38.46153846153847
250,2.0,1.0,3.0,-76.92663349999981,-43.18099910865825,-102.33219200000167,42.5531914893617
250,2.0,1.0,5.0,-41.81860200000003,-54.394297377748785,-61.13589000000138,35.294117647058826
250,2.0,1.5,1.0,-496.917803999999,-62.27042021149462,-515.7796034999992,28.776978417266186
250,2.0,1.5,2.0,-142.07420949999963,-39.76335521734174,-156.21559499999785,46.73913043478261
250,2.0,1.5,3.0,-43.75022599999977,-26.353008615913147,-78.99154350000026,51.21951219512195
250,2.0,1.5,5.0,-0.34045300000001966,-0.7807294943729013,-32.15111099999922,64.28571428571429
250,2.0,2.0,1.0,-513.1964719999992,-66.29893442275765,-548.6505424999996,28.030303030303028
250,2.0,2.0,2.0,-157.75563199999982,-43.43053883874638,-191.76945250000063,36.470588235294116
250,2.0,2.0,3.0,-51.120730999999736,-36.37168192344861,-98.07407550000062,39.473684210526315
250,2.0,2.0,5.0,-2.4737439999999395,-26.780282711767835,-53.56051599999773,50.0
300,0.5,0.5,1.0,-976.3189710000001,-174.49034610477491,-974.305264999999,0.628930817610063
300,0.5,0.5,2.0,-297.4792285000001,-189.4731091949143,-295.4678434999987,1.3986013986013985
300,0.5,0.5,3.0,-143.03277799999998,-226.63911756293865,-141.02392999999938,2.941176470588235
300,0.5,0.5,5.0,-55.669549,-218.38792232739416,-53.64155599999867,0.0
300,0.5,1.0,1.0,-885.4930069999999,-157.72275096951668,-883.4793009999994,2.89532293986637
300,0.5,1.0,2.0,-258.35492750000003,-143.2461662509879,-256.3435424999989,6.666666666666667
300,0.5,1.0,3.0,-116.36005149999991,-110.70054119100541,-114.35120349999852,9.523809523809524
300,0.5,1.0,5.0,-42.205479500000045,-76.14652052353934,-40.17748650000067,9.090909090909092
300,0.5,1.5,1.0,-867.7243159999999,-159.44580451580228,-865.7106099999983,3.9260969976905313
300,0.5,1.5,2.0,-270.85357100000004,-149.7715575298944,-268.84218599999804,5.263157894736842
300,0.5,1.5,3.0,-130.34858949999997,-123.04564787676516,-128.9297710000028,6.557377049180328
300,0.5,1.5,5.0,-46.345686500000035,-82.41946559325577,-41.55755549999958,9.090909090909092
300,0.5,2.0,1.0,-888.5259029999997,-158.28813354435363,-886.512197,3.4965034965034967
300,0.5,2.0,2.0,-296.4851745000001,-155.5982766692909,-294.47378949999984,3.787878787878788
300,0.5,2.0,3.0,-155.10982750000005,-130.96740457476508,-153.69100900000194,4.918032786885246
300,0.5,2.0,5.0,-71.59694900000007,-118.18674203330964,-66.8088179999977,4.545454545454546
300,1.0,0.5,1.0,-839.2829654999998,-126.51722619340875,-844.149513999997,4.102564102564102
300,1.0,0.5,2.0,-262.4746630000002,-98.59022660871621,-267.3435324999991,11.304347826086957
300,1.0,0.5,3.0,-123.34330650000004,-84.62660685010815,-128.21471299999757,18.181818181818183
300,1.0,0.5,5.0,-31.749959500000095,-57.432407358711444,-36.60222100000101,30.0
300,1.0,1.0,1.0,-720.9759744999994,-108.96777019072692,-723.166778499999,10.72463768115942
300,1.0,1.0,2.0,-216.51767649999996,-83.34089340665709,-218.71080149999761,24.271844660194176
300,1.0,1.0,3.0,-100.9784039999998,-64.90581719462419,-103.17406599999958,26.53061224489796
300,1.0,1.0,5.0,-35.88821949999995,-53.58536618992118,-39.94877600000109,26.31578947368421
300,1.0,1.5,1.0,-660.8495839999993,-105.08651046910079,-663.5189179999979,15.40880503144654
300,1.0,1.5,2.0,-223.26546599999995,-80.22458896581139,-226.14571950000027,24.489795918367346
300,1.0,1.5,3.0,-112.61075599999987,-65.32962353548311,-115.96518549999746,26.08695652173913
300,1.0,1.5,5.0,-19.19601849999998,-35.312567041280154,-30.619928000000073,41.17647058823529
300,1.0,2.0,1.0,-650.7423429999992,-98.08650340250514,-649.9922719999959,15.359477124183007
300,1.0,2.0,2.0,-220.43636400000008,-72.70600598332761,-222.6580055000013,20.87912087912088
300,1.0,2.0,3.0,-129.19544499999986,-75.01292165017979,-129.1304694999999,20.0
300,1.0,2.0,5.0,-35.8407105,-60.68482017597349,-47.11066299999948,25.0
300,1.5,0.5,1.0,-728.1309209999996,-110.15384245853471,-749.1881929999981,6.976744186046512
300,1.5,0.5,2.0,-245.5091175,-88.61212840379368,-263.0685355000023,15.887850467289718
300,1.5,0.5,3.0,-104.81042599999999,-68.6404502118194,-126.6004729999986,26.0
300,1.5,0.5,5.0,-21.919554000000016,-43.727350828302654,-42.962539000000106,38.88888888888889
300,1.5,1.0,1.0,-670.9475324999995,-93.04112281347392,-690.2791074999986,14.705882352941178
300,1.5,1.0,2.0,-248.35532349999986,-75.85266889830669,-264.18904450000264,31.958762886597935
300,1.5,1.0,3.0,-125.81828049999982,-68.62393819004016,-145.68362900000284,34.78260869565217
300,1.5,1.0,5.0,-37.88840549999997,-52.003568344480136,-57.20569350000005,35.294117647058826
300,1.5,1.5,1.0,-574.1147759999992,-80.67525793860138,-592.9748334999967,22.939068100358423
300,1.5,1.5,2.0,-194.30552149999983,-54.0466890664155,-211.6870689999996,36.36363636363637
300,1.5,1.5,3.0,-84.89149449999987,-44.33324979722139,-108.30356499999834,42.5
300,1.5,1.5,5.0,3.5897435000000453,2.8642858675285856,-28.22091449999789,64.28571428571429
300,1.5,2.0,1.0,-561.6877604999993,-79.0853960440816,-597.1400889999968,22.264150943396228
300,1.5,2.0,2.0,-182.9943375,-51.60704077582274,-221.6022585000028,29.629629629629626
300,1.5,2.0,3.0,-80.58165849999986,-51.25234980722789,-117.87782599999991,32.432432432432435
300,1.5,2.0,5.0,8.856822500000039,-16.078929712498894,-42.22994949999702,50.0
300,2.0,0.5,1.0,-675.4703324999991,-92.54708390237077,-696.5276044999955,8.923076923076923
300,2.0,0.5,2.0,-230.17544299999966,-70.06983991037733,-244.49469899999895,19.801980198019802
300,2.0,0.5,3.0,-96.52135599999984,-52.22412533151325,-126.26214700000128,28.57142857142857
300,2.0,0.5,5.0,-34.41017849999997,-49.658740095856636,-55.45316349999848,38.88888888888889
300,2.0,1.0,1.0,-599.816882999999,-81.53055088494756,-619.148457999996,17.73049645390071
300,2.0,1.0,2.0,-220.28108799999964,-65.18917822003249,-232.8746469999969,38.46153846153847
300,2.0,1.0,3.0,-112.06893749999972,-57.490054479973665,-137.4744959999989,37.77777777777778
300,2.0,1.0,5.0,-41.81860200000003,-54.394297377748785,-61.13589000000138,35.294117647058826
300,2.0,1.5,1.0,-495.4072039999992,-64.88665993965886,-514.2672614999974,27.34375
300,2.0,1.5,2.0,-163.41039549999968,-45.13315376499278,-177.5517809999983,43.90243902439025
300,2.0,1.5,3.0,-75.49236899999977,-36.650554936774164,-110.73368649999975,46.15384615384615
300,2.0,1.5,5.0,-0.34045300000001966,-0.7807294943729013,-32.15111099999922,64.28571428571429
300,2.0,2.0,1.0,-513.9308669999991,-69.44545249753672,-549.3831954999987,27.049180327868854
300,2.0,2.0,2.0,-171.6011024999998,-47.82673513275563,-205.61492299999736,35.526315789473685
300,2.0,2.0,3.0,-78.58290299999972,-45.36474254910162,-125.53624750000017,36.11111111111111
300,2.0,2.0,5.0,-2.4737439999999395,-26.780282711767835,-53.56051599999773,50.0
